{
	"format_version": "1.12.0",
	"minecraft:geometry": [
		{
			"description": {
				"identifier": "geometry.unknown",
				"texture_width": 128,
				"texture_height": 128,
				"visible_bounds_width": 4,
				"visible_bounds_height": 3,
				"visible_bounds_offset": [0, 0.5, 0]
			},
			"bones": [
				{
					"name": "gun_body",
					"pivot": [0, 2.5, 0],
					"cubes": [
						{
							"origin": [-0.45152, 0.08313, 6.25884],
							"size": [0.90304, 1.93504, 1.29004],
							"inflate": 0.0001,
							"pivot": [0.1505, -0.17485, 6.94686],
							"rotation": [22.5, 0, 0],
							"uv": {
								"north": {"uv": [5, 10], "uv_size": [3, 6]},
								"east": {"uv": [0, 10], "uv_size": [4, 6]},
								"south": {"uv": [5, 10], "uv_size": [3, 6]},
								"west": {"uv": [4, 10], "uv_size": [-4, 6]},
								"down": {"uv": [1, 16], "uv_size": [-1, -1]}
							}
						},
						{
							"origin": [-0.4472, 0.95034, 4.90627],
							"size": [0.8944, 0.301, 0.301],
							"pivot": [0.1548, 0.95034, 6.11027],
							"rotation": [-45, 0, 0],
							"uv": {
								"north": {"uv": [5, 5], "uv_size": [1, 1]},
								"east": {"uv": [5, 5], "uv_size": [1, 1]},
								"west": {"uv": [5, 5], "uv_size": [1, 1]},
								"down": {"uv": [6, 6], "uv_size": [-1, -1]}
							}
						},
						{
							"origin": [-0.44724, 1.58906, 5.47196],
							"size": [0.89448, 1.20408, 1.24708],
							"inflate": 0.0002,
							"uv": {
								"north": {"uv": [5, 5], "uv_size": [3, 4]},
								"east": {"uv": [0, 5], "uv_size": [4, 4]},
								"south": {"uv": [5, 5], "uv_size": [3, 4]},
								"west": {"uv": [0, 5], "uv_size": [4, 4]}
							}
						},
						{
							"origin": [-0.4515, -0.54551, 5.84269],
							"size": [0.903, 0.301, 0.301],
							"pivot": [0.1505, -0.54551, 7.04669],
							"rotation": [-22.5, 0, 0],
							"uv": {
								"north": {"uv": [5, 15], "uv_size": [1, 1]},
								"east": {"uv": [5, 15], "uv_size": [1, 1]},
								"west": {"uv": [5, 15], "uv_size": [1, 1]},
								"down": {"uv": [6, 16], "uv_size": [-1, -1]}
							}
						},
						{
							"origin": [0, -0.39697, 3.0488],
							"size": [0, 0.344, 4.0119],
							"pivot": [0, -0.26797, 6.13835],
							"rotation": [12.5, 0, 0],
							"uv": {
								"east": {"uv": [0, 17], "uv_size": [11, 1]}
							}
						},
						{
							"origin": [0, -1.06261, 2.7974],
							"size": [0, 2.65171, 0.35256],
							"uv": {
								"east": {"uv": [10, 9], "uv_size": [1, 7]}
							}
						},
						{
							"origin": [0, 1.5891, 2.7974],
							"size": [0, 1.204, 2.6746],
							"uv": {
								"east": {"uv": [0, 0], "uv_size": [9, 4]}
							}
						},
						{
							"origin": [-0.60202, 3.31338, 0.69898],
							"size": [1.20404, 2.20164, 6.02004],
							"inflate": 0.0001,
							"uv": {
								"east": {"uv": [12, 8], "uv_size": [19, 7]},
								"west": {"uv": [31, 1], "uv_size": [-19, 7]},
								"up": {"uv": [16, 34], "uv_size": [-4, -19]},
								"down": {"uv": [16, 34], "uv_size": [-4, -19]}
							}
						},
						{
							"origin": [-0.60202, 2.79738, 2.81028],
							"size": [1.20404, 0.51597, 3.90874],
							"inflate": 0.0001,
							"uv": {
								"north": {"uv": [71, 8], "uv_size": [4, 2]},
								"east": {"uv": [56, 8], "uv_size": [15, 2]},
								"west": {"uv": [56, 8], "uv_size": [15, 2]},
								"down": {"uv": [65, 23], "uv_size": [-4, -13]}
							}
						},
						{
							"origin": [-0.607, 0.398, 0.699],
							"size": [1.2133, 0.301, 0.301],
							"pivot": [-1.204, -1.408, 6.117],
							"rotation": [-45, 0, 0],
							"uv": {
								"north": {"uv": [10, 5], "uv_size": [1, 1]},
								"east": {"uv": [10, 5], "uv_size": [1, 1]},
								"south": {"uv": [10, 5], "uv_size": [1, 1]},
								"west": {"uv": [10, 5], "uv_size": [1, 1]},
								"up": {"uv": [11, 6], "uv_size": [-1, -1]},
								"down": {"uv": [11, 6], "uv_size": [-1, -1]}
							}
						},
						{
							"origin": [-0.607, 1.2838, -8.0805],
							"size": [1.2133, 0.473, 0.473],
							"pivot": [-1.204, -0.3502, -2.6625],
							"rotation": [-45, 0, 0],
							"uv": {
								"north": {"uv": [10, 7], "uv_size": [1, 1]},
								"east": {"uv": [10, 7], "uv_size": [1, 1]},
								"south": {"uv": [10, 7], "uv_size": [1, 1]},
								"west": {"uv": [10, 7], "uv_size": [1, 1]},
								"up": {"uv": [11, 8], "uv_size": [-1, -1]},
								"down": {"uv": [11, 8], "uv_size": [-1, -1]}
							}
						},
						{
							"origin": [-0.607, 1.301, -2.01],
							"size": [1.2133, 0.301, 0.301],
							"pivot": [-1.204, -0.505, 3.408],
							"rotation": [-45, 0, 0],
							"uv": {
								"north": {"uv": [10, 5], "uv_size": [1, 1]},
								"east": {"uv": [10, 5], "uv_size": [1, 1]},
								"south": {"uv": [10, 5], "uv_size": [1, 1]},
								"west": {"uv": [10, 5], "uv_size": [1, 1]},
								"up": {"uv": [11, 6], "uv_size": [-1, -1]},
								"down": {"uv": [11, 6], "uv_size": [-1, -1]}
							}
						},
						{
							"origin": [-0.607, 0.398, 2.806],
							"size": [1.2133, 0.301, 0.301],
							"pivot": [-1.204, -1.408, 8.224],
							"rotation": [-45, 0, 0],
							"uv": {
								"north": {"uv": [10, 5], "uv_size": [1, 1]},
								"east": {"uv": [10, 5], "uv_size": [1, 1]},
								"south": {"uv": [10, 5], "uv_size": [1, 1]},
								"west": {"uv": [10, 5], "uv_size": [1, 1]},
								"up": {"uv": [11, 6], "uv_size": [-1, -1]},
								"down": {"uv": [11, 6], "uv_size": [-1, -1]}
							}
						},
						{
							"origin": [-0.60202, 3.86378, -5.51452],
							"size": [1.20404, 1.65124, 6.21784],
							"inflate": 0.0001,
							"uv": {
								"north": {"uv": [51, 8], "uv_size": [4, 5]},
								"east": {"uv": [32, 8], "uv_size": [19, 5]},
								"west": {"uv": [51, 8], "uv_size": [-19, 5]},
								"up": {"uv": [36, 32], "uv_size": [-4, -19]}
							}
						},
						{
							"origin": [0.79194, 3.62734, -4.20591],
							"size": [0.8, 0.8, 0.5],
							"pivot": [1.04194, 4.17734, -2.65278],
							"rotation": [0, 0, 45],
							"uv": {
								"north": {"uv": [123, 0], "uv_size": [3, 3]},
								"east": {"uv": [120, 2], "uv_size": [2, 3]},
								"south": {"uv": [123, 0], "uv_size": [3, 3]},
								"west": {"uv": [120, 2], "uv_size": [2, 3]},
								"up": {"uv": [123, 2], "uv_size": [-3, -2]},
								"down": {"uv": [123, 2], "uv_size": [-3, -2]}
							}
						},
						{
							"origin": [-1.59194, 3.71608, -4.21563],
							"size": [0.8, 0.8, 0.5],
							"pivot": [-1.04194, 4.26608, -2.6625],
							"rotation": [0, 0, -45],
							"uv": {
								"north": {"uv": [126, 0], "uv_size": [-3, 3]},
								"east": {"uv": [122, 2], "uv_size": [-2, 3]},
								"south": {"uv": [126, 0], "uv_size": [-3, 3]},
								"west": {"uv": [122, 2], "uv_size": [-2, 3]},
								"up": {"uv": [120, 2], "uv_size": [3, -2]},
								"down": {"uv": [120, 2], "uv_size": [3, -2]}
							}
						},
						{
							"origin": [1.04194, 3.63895, -6.15063],
							"size": [0, 0.3, 1.91],
							"pivot": [1.04194, 4.05395, -3.96563],
							"rotation": [12.5, 0, 0],
							"uv": {
								"west": {"uv": [113, 0], "uv_size": [6, 1]}
							}
						},
						{
							"origin": [0.36665, 3.02615, -7.21576],
							"size": [0, 0.3, 1.47],
							"pivot": [0.36665, 3.17615, -6.70076],
							"rotation": [17.40744, 43.65747, 12.2127],
							"uv": {
								"west": {"uv": [114, 2], "uv_size": [5, 1]}
							}
						},
						{
							"origin": [-1.04194, 3.63895, -6.15063],
							"size": [0, 0.3, 1.91],
							"pivot": [-1.04194, 4.05395, -3.96563],
							"rotation": [12.5, 0, 0],
							"uv": {
								"east": {"uv": [119, 0], "uv_size": [-6, 1]}
							}
						},
						{
							"origin": [-0.36665, 3.02615, -7.21576],
							"size": [0, 0.3, 1.47],
							"pivot": [-0.36665, 3.17615, -6.70076],
							"rotation": [17.40744, -43.65747, -12.2127],
							"uv": {
								"east": {"uv": [119, 2], "uv_size": [-5, 1]}
							}
						},
						{
							"origin": [0, 2.94735, -8.6354],
							"size": [0, 0.3, 1.61],
							"uv": {
								"west": {"uv": [114, 4], "uv_size": [5, 1]}
							}
						},
						{
							"origin": [0, 2.42206, -9.00356],
							"size": [0, 0.3, 0.71],
							"pivot": [0, 2.57206, -9.09856],
							"rotation": [45, 0, 0],
							"uv": {
								"west": {"uv": [111, 4], "uv_size": [2, 1]}
							}
						},
						{
							"origin": [0, 2.82981, -10.51664],
							"size": [0, 0.3, 1.71],
							"pivot": [0, 2.97981, -9.61164],
							"rotation": [-22.5, 0, 0],
							"uv": {
								"west": {"uv": [107, 2], "uv_size": [6, 1]}
							}
						},
						{
							"origin": [-0.15202, 5.52002, -0.51452],
							"size": [0.30404, 0, 4.71784],
							"inflate": 0.0001,
							"uv": {
								"up": {"uv": [31, 32], "uv_size": [-1, -15]}
							}
						},
						{
							"origin": [-0.59985, 3.42165, -5.61024],
							"size": [1.1997, 0.903, 6.235],
							"pivot": [0.00215, 2.51865, -0.57924],
							"rotation": [-5, 0, 0],
							"uv": {
								"east": {"uv": [37, 14], "uv_size": [18, 3]},
								"west": {"uv": [55, 14], "uv_size": [-18, 3]},
								"down": {"uv": [41, 35], "uv_size": [-4, -18]}
							}
						},
						{
							"origin": [0.76319, 4.60561, -9.1265],
							"size": [0.602, 0.602, 3.612],
							"pivot": [1.06419, 3.40161, -6.1165],
							"rotation": [0, 0, -45],
							"uv": {
								"north": {"uv": [75, 12], "uv_size": [1, 1]},
								"east": {"uv": [76, 11], "uv_size": [-6, 1]},
								"west": {"uv": [70, 11], "uv_size": [6, 1]},
								"up": {"uv": [77, 11], "uv_size": [-1, 6]},
								"down": {"uv": [77, 17], "uv_size": [-1, -6]}
							}
						},
						{
							"origin": [0.36319, 4.20561, -9.7265],
							"size": [1.402, 1.402, 3],
							"pivot": [1.06419, 3.40161, -6.7165],
							"rotation": [0, 0, -45],
							"uv": {
								"east": {"uv": [44, 22], "uv_size": [11, 5]},
								"south": {"uv": [55, 22], "uv_size": [5, 5]},
								"west": {"uv": [44, 22], "uv_size": [11, 5]},
								"up": {"uv": [55, 38], "uv_size": [-5, -11]},
								"down": {"uv": [55, 38], "uv_size": [-5, -11]}
							}
						},
						{
							"origin": [-0.5945, 3.21877, 6.27183],
							"size": [1.189, 0.8901, 0.6235],
							"pivot": [-0.0075, 3.21877, 6.29333],
							"rotation": [-45, 0, 0],
							"uv": {
								"east": {"uv": [10, 28], "uv_size": [1, 1]},
								"south": {"uv": [10, 28], "uv_size": [1, 1]},
								"west": {"uv": [10, 28], "uv_size": [1, 1]}
							}
						},
						{
							"origin": [-0.60202, 3.40798, 6.71898],
							"size": [1.20404, 2.10704, 6.88004],
							"inflate": 0.0001,
							"uv": {
								"east": {"uv": [0, 35], "uv_size": [20, 6]},
								"south": {"uv": [20, 35], "uv_size": [4, 6]},
								"west": {"uv": [20, 35], "uv_size": [-20, 6]},
								"up": {"uv": [4, 61], "uv_size": [-4, -20]}
							}
						},
						{
							"origin": [-0.80202, 4.10798, 8.11898],
							"size": [1.60404, 1.60704, 4.08004],
							"inflate": 0.0001,
							"uv": {
								"north": {"uv": [10, 30], "uv_size": [1, 4]},
								"east": {"uv": [11, 30], "uv_size": [-11, 4]},
								"south": {"uv": [0, 30], "uv_size": [1, 4]},
								"west": {"uv": [0, 30], "uv_size": [11, 4]},
								"up": {"uv": [4, 30], "uv_size": [-4, -11]},
								"down": {"uv": [4, 30], "uv_size": [-4, -11]}
							}
						},
						{
							"origin": [-0.597, 2.28816, 6.48132],
							"size": [1.194, 1.204, 6.7565],
							"pivot": [-0.005, 1.38516, 12.93682],
							"rotation": [-10, 0, 0],
							"uv": {
								"east": {"uv": [9, 42], "uv_size": [20, 4]},
								"south": {"uv": [5, 42], "uv_size": [4, 4]},
								"west": {"uv": [29, 42], "uv_size": [-20, 4]},
								"down": {"uv": [9, 66], "uv_size": [-4, -20]}
							}
						},
						{
							"origin": [0.20075, 6.719, 6.41585],
							"size": [0.1, 0.5215, 0.3096],
							"uv": {
								"north": {"uv": [44, 2], "uv_size": [1, 1]},
								"east": {"uv": [44, 2], "uv_size": [1, 1]},
								"south": {"uv": [44, 2], "uv_size": [1, 1]},
								"west": {"uv": [44, 2], "uv_size": [1, 1]},
								"up": {"uv": [45, 3], "uv_size": [-1, -1]}
							}
						},
						{
							"origin": [-0.19925, 7.1405, 6.41585],
							"size": [0.4, 0.1, 0.3096],
							"uv": {
								"north": {"uv": [44, 2], "uv_size": [1, 1]},
								"east": {"uv": [44, 2], "uv_size": [1, 1]},
								"south": {"uv": [44, 2], "uv_size": [1, 1]},
								"west": {"uv": [44, 2], "uv_size": [1, 1]},
								"up": {"uv": [45, 3], "uv_size": [-1, -1]}
							}
						},
						{
							"origin": [-0.30075, 6.719, 6.41585],
							"size": [0.1, 0.5215, 0.3096],
							"uv": {
								"north": {"uv": [45, 2], "uv_size": [-1, 1]},
								"east": {"uv": [45, 2], "uv_size": [-1, 1]},
								"south": {"uv": [45, 2], "uv_size": [-1, 1]},
								"west": {"uv": [45, 2], "uv_size": [-1, 1]},
								"up": {"uv": [44, 3], "uv_size": [1, -1]}
							}
						},
						{
							"origin": [-0.30102, 5.51498, 6.41798],
							"size": [0.60204, 1.20404, 0.00004],
							"inflate": 0.0001,
							"uv": {
								"north": {"uv": [44, 2], "uv_size": [3, 5]}
							}
						},
						{
							"origin": [-0.30102, 5.076, 7.22444],
							"size": [0.60204, 1.50504, 0.00005],
							"inflate": 0.0001,
							"pivot": [-0.301, 5.37702, 6.62247],
							"rotation": [22.5, 0, 0],
							"uv": {
								"south": {"uv": [44, 2], "uv_size": [3, 5]}
							}
						},
						{
							"origin": [-0.30102, 6.71898, 6.41798],
							"size": [0.60204, 0.00004, 0.30104],
							"inflate": 0.0001,
							"uv": {
								"up": {"uv": [45, 3], "uv_size": [-1, -1]}
							}
						},
						{
							"origin": [-0.00002, 5.31341, -4.65313],
							"size": [0.00004, 1.60824, 0.32254],
							"inflate": 0.0001,
							"pivot": [-0.602, 5.22743, -4.78211],
							"rotation": [22.5, 0, 0],
							"uv": {
								"east": {"uv": [44, 2], "uv_size": [1, 5]}
							}
						},
						{
							"origin": [-0.00002, 5.51498, -5.47152],
							"size": [0.00004, 1.38464, 0.32254],
							"inflate": 0.0001,
							"uv": {
								"east": {"uv": [44, 2], "uv_size": [1, 5]}
							}
						},
						{
							"origin": [0.10108, 7.27367, -5.4715],
							"size": [0.16125, 0.16125, 0.5203],
							"pivot": [-0.42567, 7.35967, -5.45],
							"rotation": [0, 0, 45],
							"uv": {
								"north": {"uv": [48, 2], "uv_size": [1, 1]},
								"east": {"uv": [48, 2], "uv_size": [1, 1]},
								"south": {"uv": [49, 2], "uv_size": [1, 1]},
								"west": {"uv": [49, 2], "uv_size": [1, 1]},
								"up": {"uv": [49, 3], "uv_size": [-1, -1]},
								"down": {"uv": [50, 3], "uv_size": [-1, -1]}
							}
						}
					]
				},
				{
					"name": "attachment_bone",
					"parent": "gun_body",
					"pivot": [-0.00188, 1.27125, 3.24059]
				},
				{
					"name": "left_arm",
					"parent": "gun_body",
					"pivot": [6, 5.9068, 6.00305],
					"cubes": [
						{
							"origin": [4.5, 0.1068, 4.50305],
							"size": [3, 10, 3],
							"uv": {
								"north": {"uv": [1, 0], "uv_size": [1, 1]},
								"east": {"uv": [1, 0], "uv_size": [1, 1]},
								"south": {"uv": [1, 0], "uv_size": [1, 1]},
								"west": {"uv": [1, 0], "uv_size": [1, 1]},
								"up": {"uv": [2, 1], "uv_size": [-1, -1]},
								"down": {"uv": [2, 1], "uv_size": [-1, -1]}
							}
						}
					]
				},
				{
					"name": "right_arm",
					"parent": "gun_body",
					"pivot": [-6, 3.9068, 6.00305],
					"cubes": [
						{
							"origin": [-7.5, 0.1068, 4.50305],
							"size": [3, 10, 3],
							"uv": {
								"north": {"uv": [1, 0], "uv_size": [1, 1]},
								"east": {"uv": [1, 0], "uv_size": [1, 1]},
								"south": {"uv": [1, 0], "uv_size": [1, 1]},
								"west": {"uv": [1, 0], "uv_size": [1, 1]},
								"up": {"uv": [2, 1], "uv_size": [-1, -1]},
								"down": {"uv": [2, 1], "uv_size": [-1, -1]}
							}
						}
					]
				},
				{
					"name": "glow",
					"parent": "gun_body",
					"pivot": [0, 3.65057, -10.39885],
					"cubes": [
						{
							"origin": [0, 3.35057, -10.69885],
							"size": [0, 0.6, 0.6],
							"pivot": [0, 3.65057, -10.39885],
							"rotation": [0, -45, 0],
							"uv": {
								"west": {"uv": [103, 0], "uv_size": [3, 3]}
							}
						},
						{
							"origin": [0, 3.35057, -10.69885],
							"size": [0, 0.6, 0.6],
							"pivot": [0, 3.65057, -10.39885],
							"rotation": [0, 22.5, 0],
							"uv": {
								"west": {"uv": [103, 0], "uv_size": [3, 3]}
							}
						}
					]
				},
				{
					"name": "ejector",
					"parent": "gun_body",
					"pivot": [-1.50202, 4.56502, 2.44898],
					"cubes": [
						{
							"origin": [-0.00002, 5.08498, -1.12902],
							"size": [0.00004, 0.94597, 1.44054],
							"inflate": 0.0001,
							"pivot": [0, 5.94497, -0.27975],
							"rotation": [35, 0, 0],
							"uv": {
								"east": {"uv": [39, 4], "uv_size": [4, 3]}
							}
						},
						{
							"origin": [-0.50202, 4.21502, 1.49898],
							"size": [0, 0.7, 2.1],
							"inflate": 0.0001,
							"uv": {
								"east": {"uv": [32, 5], "uv_size": [6, 2]}
							}
						}
					]
				},
				{
					"name": "empty_hide",
					"parent": "gun_body",
					"pivot": [0, 1.1548, -0.9995]
				},
				{
					"name": "aim_hide",
					"parent": "empty_hide",
					"pivot": [-0.5, 1.1548, -1.0895]
				},
				{
					"name": "glow2",
					"parent": "aim_hide",
					"pivot": [-0.5, 1.1548, -1.0895]
				},
				{
					"name": "flame",
					"parent": "glow2",
					"pivot": [0, 5.5, -1.58668],
					"rotation": [0, 22.5, 0],
					"cubes": [
						{
							"origin": [-1.10202, 5.51502, -1.58668],
							"size": [2.20404, 3.4, 0],
							"inflate": 0.0001,
							"uv": {
								"south": {"uv": [97, 0], "uv_size": [5, 8]}
							}
						}
					]
				},
				{
					"name": "flame2",
					"parent": "glow2",
					"pivot": [0, 5.5, -3.55668],
					"rotation": [0, 22.5, 0],
					"cubes": [
						{
							"origin": [-1.10202, 5.51502, -3.55668],
							"size": [2.20404, 3.4, 0],
							"inflate": 0.0001,
							"uv": {
								"south": {"uv": [90, 0], "uv_size": [5, 8]}
							}
						}
					]
				},
				{
					"name": "tank",
					"parent": "gun_body",
					"pivot": [1.04194, 3.96521, -3.13591],
					"rotation": [12.5, 0, 0],
					"cubes": [
						{
							"origin": [0.79194, 3.71521, -4.08591],
							"size": [0.5, 0.5, 0.48],
							"pivot": [1.04194, 3.96521, -3.84591],
							"rotation": [0, 0, 45],
							"uv": {
								"north": {"uv": [124, 39], "uv_size": [3, 3]},
								"east": {"uv": [123, 42], "uv_size": [1, 1]},
								"west": {"uv": [123, 42], "uv_size": [1, 1]},
								"up": {"uv": [124, 43], "uv_size": [-1, -1]},
								"down": {"uv": [124, 43], "uv_size": [-1, -1]}
							}
						},
						{
							"origin": [0.54194, 3.37734, -3.60591],
							"size": [1.3, 1.3, 4],
							"pivot": [1.04194, 4.17734, -2.55278],
							"rotation": [0, 0, 45],
							"uv": {
								"north": {"uv": [128, 38], "uv_size": [-5, 5]},
								"east": {"uv": [123, 33], "uv_size": [-16, 5]},
								"south": {"uv": [128, 33], "uv_size": [-5, 5]},
								"west": {"uv": [107, 38], "uv_size": [16, 5]},
								"up": {"uv": [117, 59], "uv_size": [-5, -16]},
								"down": {"uv": [112, 43], "uv_size": [-5, 16]}
							}
						}
					]
				},
				{
					"name": "tank2",
					"parent": "gun_body",
					"pivot": [-1.04194, 4.05395, -2.73562],
					"rotation": [12.5, 0, 0],
					"cubes": [
						{
							"origin": [-1.29194, 3.80395, -4.09563],
							"size": [0.5, 0.5, 0.48],
							"pivot": [-1.04194, 4.05395, -3.85563],
							"rotation": [0, 0, -45],
							"uv": {
								"north": {"uv": [127, 12], "uv_size": [-3, 3]},
								"east": {"uv": [124, 15], "uv_size": [-1, 1]},
								"west": {"uv": [124, 15], "uv_size": [-1, 1]},
								"up": {"uv": [123, 16], "uv_size": [1, -1]},
								"down": {"uv": [123, 16], "uv_size": [1, -1]}
							}
						},
						{
							"origin": [-1.84194, 3.46608, -3.61563],
							"size": [1.3, 1.3, 4],
							"pivot": [-1.04194, 4.26608, -2.5625],
							"rotation": [0, 0, -45],
							"uv": {
								"north": {"uv": [123, 11], "uv_size": [5, 5]},
								"east": {"uv": [123, 11], "uv_size": [-16, 5]},
								"south": {"uv": [123, 6], "uv_size": [5, 5]},
								"west": {"uv": [107, 6], "uv_size": [16, 5]},
								"up": {"uv": [112, 32], "uv_size": [5, -16]},
								"down": {"uv": [107, 16], "uv_size": [5, 16]}
							}
						}
					]
				},
				{
					"name": "glow3",
					"parent": "gun_body",
					"pivot": [0, 0, 0]
				},
				{
					"name": "magazine",
					"parent": "glow3",
					"pivot": [0, 0, 0]
				},
				{
					"name": "default_mag",
					"parent": "magazine",
					"pivot": [0, 0, 0],
					"cubes": [
						{
							"origin": [-0.4704, 0.0592, 0.5834],
							"size": [0.9408, 3.5392, 2.1952],
							"uv": {
								"north": {"uv": [24, 16], "uv_size": [3, 11]},
								"east": {"uv": [24, 16], "uv_size": [-7, 11]},
								"south": {"uv": [24, 16], "uv_size": [3, 11]},
								"west": {"uv": [17, 16], "uv_size": [7, 11]},
								"up": {"uv": [23, 34], "uv_size": [-3, -7]},
								"down": {"uv": [20, 34], "uv_size": [-3, -7]}
							}
						}
					]
				},
				{
					"name": "extended_mag",
					"parent": "magazine",
					"pivot": [0, 0, 0],
					"cubes": [
						{
							"origin": [-0.4704, -1.29824, 0.5834],
							"size": [0.9408, 4.8832, 2.1952],
							"uv": {
								"north": {"uv": [36, 36], "uv_size": [4, 13]},
								"east": {"uv": [30, 36], "uv_size": [6, 13]},
								"south": {"uv": [36, 36], "uv_size": [4, 13]},
								"west": {"uv": [36, 36], "uv_size": [-6, 13]},
								"up": {"uv": [36, 56], "uv_size": [-3, -7]},
								"down": {"uv": [33, 56], "uv_size": [-3, -7]}
							}
						}
					]
				},
				{
					"name": "drum_mag",
					"parent": "magazine",
					"pivot": [0, 0.60236, 3.07389],
					"cubes": [
						{
							"origin": [-0.5, 2.93485, 0.58574],
							"size": [1, 1.25, 2.1875],
							"uv": {
								"north": {"uv": [104, 94], "uv_size": [4, 5]},
								"east": {"uv": [97, 94], "uv_size": [7, 5]},
								"south": {"uv": [104, 94], "uv_size": [4, 5]},
								"west": {"uv": [104, 94], "uv_size": [-7, 5]},
								"up": {"uv": [108, 106], "uv_size": [-4, -7]}
							}
						},
						{
							"origin": [-0.84219, -1.12765, 0.58574],
							"size": [1.68437, 4.0625, 2.19531],
							"uv": {
								"north": {"uv": [114, 94], "uv_size": [-5, 13]},
								"south": {"uv": [114, 94], "uv_size": [-5, 13]},
								"up": {"uv": [120, 101], "uv_size": [5, -7]},
								"down": {"uv": [125, 94], "uv_size": [-5, 7]}
							}
						},
						{
							"origin": [-1.28797, -1.57344, 0.59199],
							"size": [1.68437, 4.0625, 2.18281],
							"pivot": [0, 0.45781, 3.83078],
							"rotation": [0, 0, 90],
							"uv": {
								"north": {"uv": [114, 94], "uv_size": [-5, 13]},
								"south": {"uv": [114, 94], "uv_size": [-5, 13]},
								"up": {"uv": [120, 101], "uv_size": [5, -7]},
								"down": {"uv": [125, 94], "uv_size": [-5, 7]}
							}
						},
						{
							"origin": [-1.15116, -1.25822, 0.59824],
							"size": [1.67187, 4.0625, 2.17031],
							"pivot": [0, 0.45781, 3.83078],
							"rotation": [0, 0, 45],
							"uv": {
								"north": {"uv": [119, 94], "uv_size": [-5, 18]},
								"south": {"uv": [119, 94], "uv_size": [-5, 18]},
								"up": {"uv": [120, 101], "uv_size": [5, -7]},
								"down": {"uv": [125, 94], "uv_size": [-5, 7]}
							}
						},
						{
							"origin": [-0.52072, -1.25822, 0.59824],
							"size": [1.67187, 4.0625, 2.17031],
							"pivot": [0, 0.45781, 3.83078],
							"rotation": [0, 0, -45],
							"uv": {
								"north": {"uv": [119, 94], "uv_size": [-5, 18]},
								"south": {"uv": [119, 94], "uv_size": [-5, 18]},
								"up": {"uv": [120, 101], "uv_size": [5, -7]},
								"down": {"uv": [125, 94], "uv_size": [-5, 7]}
							}
						},
						{
							"origin": [-0.64844, -0.6589, -0.04708],
							"size": [1.29687, 3.125, 0.63281],
							"uv": {
								"north": {"uv": [124, 107], "uv_size": [-4, 10]},
								"up": {"uv": [121, 108], "uv_size": [-1, -1]},
								"down": {"uv": [124, 117], "uv_size": [-1, -1]}
							}
						},
						{
							"origin": [-1.09422, -1.10469, -0.04083],
							"size": [1.29687, 3.125, 0.62656],
							"pivot": [0, 0.45781, 2.41672],
							"rotation": [0, 0, 90],
							"uv": {
								"north": {"uv": [120, 107], "uv_size": [4, 10]},
								"up": {"uv": [121, 108], "uv_size": [-1, -1]},
								"down": {"uv": [124, 117], "uv_size": [-1, -1]}
							}
						},
						{
							"origin": [-0.96366, -0.78947, -0.03458],
							"size": [1.29687, 3.125, 0.62031],
							"pivot": [0, 0.45781, 2.41984],
							"rotation": [0, 0, 45],
							"uv": {
								"north": {"uv": [128, 107], "uv_size": [-4, 14]},
								"up": {"uv": [125, 108], "uv_size": [-1, -1]},
								"down": {"uv": [128, 121], "uv_size": [-1, -1]}
							}
						},
						{
							"origin": [-0.33322, -0.78947, -0.03458],
							"size": [1.29687, 3.125, 0.62031],
							"pivot": [0, 0.45781, 2.41984],
							"rotation": [0, 0, -45],
							"uv": {
								"north": {"uv": [128, 107], "uv_size": [-4, 14]},
								"up": {"uv": [125, 108], "uv_size": [-1, -1]},
								"down": {"uv": [128, 121], "uv_size": [-1, -1]}
							}
						}
					]
				}
			]
		}
	]
}