{
	"format_version": "1.12.0",
	"minecraft:geometry": [
		{
			"description": {
				"identifier": "geometry.unknown",
				"texture_width": 128,
				"texture_height": 128,
				"visible_bounds_width": 4,
				"visible_bounds_height": 3,
				"visible_bounds_offset": [0, 0.5, 0]
			},
			"bones": [
				{
					"name": "gun_body",
					"pivot": [0, 2.5, -1],
					"cubes": [
						{
							"origin": [-0.6, 3.5, -2.075],
							"size": [1.2, 1.65, 6.2375],
							"uv": {
								"north": {"uv": [37, 6], "uv_size": [4, 6]},
								"east": {"uv": [16, 6], "uv_size": [21, 6]},
								"south": {"uv": [37, 6], "uv_size": [4, 6]},
								"west": {"uv": [37, 6], "uv_size": [-21, 6]},
								"up": {"uv": [21, 33], "uv_size": [-4, -21]},
								"down": {"uv": [17, 33], "uv_size": [-1, -21]}
							}
						},
						{
							"origin": [-0.6, 3.3, 1.71],
							"size": [1.2, 0.2, 2.4525],
							"uv": {
								"east": {"uv": [22, 13], "uv_size": [8, 1]},
								"west": {"uv": [30, 13], "uv_size": [-8, 1]},
								"down": {"uv": [26, 22], "uv_size": [-4, -8]}
							}
						},
						{
							"origin": [-0.3, 5.15, -0.375],
							"size": [0.6, 0.2, 2.5375],
							"uv": {
								"north": {"uv": [59, 6], "uv_size": [1, 1]},
								"east": {"uv": [51, 6], "uv_size": [9, 1]},
								"south": {"uv": [51, 6], "uv_size": [1, 1]},
								"west": {"uv": [51, 6], "uv_size": [9, 1]},
								"up": {"uv": [53, 16], "uv_size": [-2, -9]}
							}
						},
						{
							"origin": [-0.4, 3.3, -1.9425],
							"size": [0.8, 0.2, 3.6525],
							"uv": {
								"north": {"uv": [41, 13], "uv_size": [1, 1]},
								"east": {"uv": [31, 13], "uv_size": [11, 1]},
								"west": {"uv": [42, 13], "uv_size": [-11, 1]},
								"up": {"uv": [31, 14], "uv_size": [11, -1]},
								"down": {"uv": [35, 25], "uv_size": [-4, -11]}
							}
						},
						{
							"origin": [-0.6, 3.5, 4.1625],
							"size": [1.2, 1.45, 0.2],
							"uv": {
								"east": {"uv": [14, 20], "uv_size": [1, 5]},
								"south": {"uv": [10, 20], "uv_size": [4, 5]},
								"west": {"uv": [14, 20], "uv_size": [1, 5]},
								"up": {"uv": [14, 26], "uv_size": [-4, -1]},
								"down": {"uv": [14, 27], "uv_size": [-4, -1]}
							}
						},
						{
							"origin": [-0.5975, 3.4, 4.03608],
							"size": [1.195, 0.2, 0.285],
							"pivot": [0.0025, 3.5, 4.22108],
							"rotation": [45, 0, 0],
							"uv": {
								"east": {"uv": [14, 18], "uv_size": [1, 1]},
								"west": {"uv": [14, 18], "uv_size": [1, 1]},
								"down": {"uv": [15, 19], "uv_size": [-1, -1]}
							}
						},
						{
							"origin": [-0.5975, 3.40153, 1.5499],
							"size": [1.195, 0.2, 0.285],
							"pivot": [-0.0025, 3.50153, 1.6499],
							"rotation": [-45, 0, 0],
							"uv": {
								"east": {"uv": [27, 15], "uv_size": [1, 1]},
								"west": {"uv": [27, 15], "uv_size": [1, 1]},
								"down": {"uv": [28, 16], "uv_size": [-1, -1]}
							}
						},
						{
							"origin": [-0.6, 4.55, 4.3625],
							"size": [1.2, 0.2, 0.2],
							"uv": {
								"east": {"uv": [18, 34], "uv_size": [1, 1]},
								"west": {"uv": [18, 34], "uv_size": [1, 1]},
								"up": {"uv": [10, 52], "uv_size": [-4, -1]}
							}
						},
						{
							"origin": [-0.6, 3.5, 4.3625],
							"size": [1.2, 1.05, 4],
							"uv": {
								"east": {"uv": [6, 34], "uv_size": [13, 4]},
								"west": {"uv": [19, 34], "uv_size": [-13, 4]},
								"up": {"uv": [10, 52], "uv_size": [-4, -14]},
								"down": {"uv": [10, 52], "uv_size": [-4, -14]}
							}
						},
						{
							"origin": [-0.595, 4.30487, 7.35493],
							"size": [1.19, 0.21, 1.12],
							"pivot": [-0.005, 3.98987, 7.07493],
							"rotation": [10, 0, 0],
							"uv": {
								"east": {"uv": [6, 32], "uv_size": [4, 1]},
								"west": {"uv": [6, 32], "uv_size": [4, 1]},
								"up": {"uv": [10, 33], "uv_size": [-4, -1]}
							}
						},
						{
							"origin": [-0.595, 4.23977, 4.32423],
							"size": [1.19, 0.145, 0.295],
							"pivot": [-0.005, 4.27977, 4.88423],
							"rotation": [-45, 0, 0],
							"uv": {
								"east": {"uv": [18, 34], "uv_size": [1, 1]},
								"west": {"uv": [18, 34], "uv_size": [1, 1]},
								"up": {"uv": [10, 52], "uv_size": [-4, -1]}
							}
						},
						{
							"origin": [-0.6, 2.2, 8.3625],
							"size": [1.2, 2.55, 1.2],
							"uv": {
								"east": {"uv": [0, 34], "uv_size": [5, 10]},
								"south": {"uv": [0, 44], "uv_size": [5, 10]},
								"west": {"uv": [5, 34], "uv_size": [-5, 10]},
								"up": {"uv": [5, 34], "uv_size": [-5, -5]},
								"down": {"uv": [5, 29], "uv_size": [-5, 5]}
							}
						},
						{
							"origin": [-0.595, 2.31073, 6.13628],
							"size": [1.19, 1.165, 2.865],
							"pivot": [-0.005, 3.58573, 8.45128],
							"rotation": [-27, 0, 0],
							"uv": {
								"east": {"uv": [11, 43], "uv_size": [10, -4]},
								"west": {"uv": [21, 43], "uv_size": [-10, -4]},
								"down": {"uv": [15, 53], "uv_size": [-4, -10]}
							}
						},
						{
							"origin": [-0.4, 3.7, -2.375],
							"size": [0.8, 1.35, 0.3],
							"uv": {
								"north": {"uv": [42, 6], "uv_size": [2, 3]},
								"east": {"uv": [43, 6], "uv_size": [1, 3]},
								"west": {"uv": [42, 6], "uv_size": [1, 3]},
								"up": {"uv": [44, 7], "uv_size": [-1, -1]},
								"down": {"uv": [43, 9], "uv_size": [-1, -1]}
							}
						},
						{
							"origin": [-0.4, 2.3625, 1.1],
							"size": [0.8, 0.94, 0.7625],
							"uv": {
								"north": {"uv": [36, 15], "uv_size": [3, 4]},
								"east": {"uv": [36, 15], "uv_size": [3, 4]},
								"south": {"uv": [39, 15], "uv_size": [3, 4]},
								"west": {"uv": [39, 15], "uv_size": [-3, 4]},
								"down": {"uv": [39, 22], "uv_size": [-3, -3]}
							}
						},
						{
							"origin": [-0.3925, 2.9625, -0.5],
							"size": [0.785, 0.34, 0.9975],
							"uv": {
								"east": {"uv": [31, 26], "uv_size": [4, 1]},
								"west": {"uv": [35, 26], "uv_size": [-4, 1]},
								"down": {"uv": [32, 30], "uv_size": [-1, -4]}
							}
						},
						{
							"origin": [-0.4, 2.7625, -1.5625],
							"size": [0.8, 0.54, 1.0625],
							"uv": {
								"north": {"uv": [39, 26], "uv_size": [3, 2]},
								"east": {"uv": [36, 26], "uv_size": [3, 2]},
								"south": {"uv": [39, 26], "uv_size": [3, 2]},
								"west": {"uv": [39, 26], "uv_size": [-3, 2]},
								"down": {"uv": [38, 31], "uv_size": [-2, -3]}
							}
						},
						{
							"origin": [-0.395, 2.49442, 0.21651],
							"size": [0.79, 0.67, 1.3275],
							"pivot": [-0.005, 2.96442, 1.16276],
							"rotation": [-45, 0, 0],
							"uv": {
								"east": {"uv": [43, 15], "uv_size": [7, 4]},
								"west": {"uv": [50, 15], "uv_size": [-7, 4]},
								"down": {"uv": [46, 26], "uv_size": [-3, -7]}
							}
						},
						{
							"origin": [-0.36875, 0.70317, 3.19641],
							"size": [0.7375, 2.175, 1.1375],
							"pivot": [0, 2.56567, 3.66516],
							"rotation": [22.5, 0, 0],
							"uv": {
								"north": {"uv": [4, 6], "uv_size": [3, 8]},
								"east": {"uv": [0, 6], "uv_size": [4, 8]},
								"south": {"uv": [4, 6], "uv_size": [3, 8]},
								"west": {"uv": [4, 6], "uv_size": [-4, 8]},
								"down": {"uv": [3, 18], "uv_size": [-3, -4]}
							}
						},
						{
							"origin": [0, 2.15, 1.8625],
							"size": [0, 1.15, 1.25],
							"uv": {
								"east": {"uv": [0, 0], "uv_size": [5, 5]}
							}
						},
						{
							"origin": [-0.365, 2.675, 3.1125],
							"size": [0.73, 0.625, 1.0475],
							"uv": {
								"north": {"uv": [12, 6], "uv_size": [3, 2]},
								"east": {"uv": [8, 6], "uv_size": [4, 2]},
								"south": {"uv": [12, 6], "uv_size": [3, 2]},
								"west": {"uv": [12, 6], "uv_size": [-4, 2]}
							}
						},
						{
							"origin": [-0.375, 4.075, -5],
							"size": [0.75, 0.75, 1.875],
							"pivot": [0, 4.45, 1.9375],
							"rotation": [0, 0, 45],
							"uv": {
								"east": {"uv": [45, 6], "uv_size": [5, 2]},
								"south": {"uv": [45, 7], "uv_size": [1, 1]},
								"west": {"uv": [50, 8], "uv_size": [-5, -2]},
								"up": {"uv": [47, 8], "uv_size": [-2, 5]},
								"down": {"uv": [45, 13], "uv_size": [2, -5]}
							}
						},
						{
							"origin": [-0.25, 4.2, -3.11875],
							"size": [0.5, 0.5, 0.8],
							"pivot": [0, 4.45, 1.9375],
							"rotation": [0, 0, 45],
							"uv": {
								"east": {"uv": [42, 10], "uv_size": [1, 1]},
								"west": {"uv": [42, 10], "uv_size": [1, 1]},
								"up": {"uv": [43, 11], "uv_size": [-1, -1]},
								"down": {"uv": [43, 11], "uv_size": [-1, -1]}
							}
						}
					]
				},
				{
					"name": "iron_sight",
					"parent": "gun_body",
					"pivot": [0, 0.425, -2.5],
					"cubes": [
						{
							"origin": [-0.35, 5.15, 2.5125],
							"size": [0.7, 0.3, 1.225],
							"uv": {
								"north": {"uv": [61, 6], "uv_size": [4, 1]},
								"east": {"uv": [61, 6], "uv_size": [4, 1]},
								"south": {"uv": [61, 6], "uv_size": [4, 1]},
								"west": {"uv": [65, 6], "uv_size": [-4, 1]},
								"up": {"uv": [63, 11], "uv_size": [-2, -4]}
							}
						},
						{
							"origin": [-0.35, 5.45, 3.0375],
							"size": [0.7, 0.2, 0.7],
							"uv": {
								"north": {"uv": [63, 4], "uv_size": [1, 1]},
								"east": {"uv": [63, 4], "uv_size": [1, 1]},
								"south": {"uv": [63, 4], "uv_size": [1, 1]},
								"west": {"uv": [63, 4], "uv_size": [1, 1]},
								"up": {"uv": [64, 5], "uv_size": [-1, -1]},
								"down": {"uv": [64, 5], "uv_size": [-1, -1]}
							}
						},
						{
							"origin": [0.15, 5.65, 3.0375],
							"size": [0.2, 0.2, 0.5],
							"uv": {
								"north": {"uv": [63, 4], "uv_size": [1, 1]},
								"east": {"uv": [63, 4], "uv_size": [1, 1]},
								"south": {"uv": [63, 4], "uv_size": [1, 1]},
								"west": {"uv": [63, 4], "uv_size": [1, 1]},
								"up": {"uv": [64, 5], "uv_size": [-1, -1]},
								"down": {"uv": [64, 5], "uv_size": [-1, -1]}
							}
						},
						{
							"origin": [-0.35, 5.65, 3.0375],
							"size": [0.2, 0.2, 0.5],
							"uv": {
								"north": {"uv": [63, 4], "uv_size": [1, 1]},
								"east": {"uv": [63, 4], "uv_size": [1, 1]},
								"south": {"uv": [63, 4], "uv_size": [1, 1]},
								"west": {"uv": [63, 4], "uv_size": [1, 1]},
								"up": {"uv": [64, 5], "uv_size": [-1, -1]},
								"down": {"uv": [64, 5], "uv_size": [-1, -1]}
							}
						},
						{
							"origin": [-0.345, 5.35945, 2.99586],
							"size": [0.195, 0.42, 0.12],
							"pivot": [-0.25, 5.67945, 3.24586],
							"rotation": [-17.5, 0, 0],
							"uv": {
								"north": {"uv": [63, 4], "uv_size": [1, 1]},
								"east": {"uv": [63, 4], "uv_size": [1, 1]},
								"south": {"uv": [63, 4], "uv_size": [1, 1]},
								"west": {"uv": [63, 4], "uv_size": [1, 1]},
								"up": {"uv": [64, 5], "uv_size": [-1, -1]},
								"down": {"uv": [64, 5], "uv_size": [-1, -1]}
							}
						},
						{
							"origin": [0.15, 5.35945, 2.99586],
							"size": [0.195, 0.42, 0.12],
							"pivot": [0.25, 5.67945, 3.24586],
							"rotation": [-17.5, 0, 0],
							"uv": {
								"north": {"uv": [63, 4], "uv_size": [1, 1]},
								"east": {"uv": [63, 4], "uv_size": [1, 1]},
								"south": {"uv": [63, 4], "uv_size": [1, 1]},
								"west": {"uv": [63, 4], "uv_size": [1, 1]},
								"up": {"uv": [64, 5], "uv_size": [-1, -1]},
								"down": {"uv": [64, 5], "uv_size": [-1, -1]}
							}
						},
						{
							"origin": [-0.35, 4.86885, -0.87884],
							"size": [0.7, 0.345, 0.16],
							"pivot": [0, 5.06385, -1.23134],
							"rotation": [30, 0, 0],
							"uv": {
								"north": {"uv": [61, 6], "uv_size": [1, 1]},
								"east": {"uv": [61, 6], "uv_size": [1, 1]},
								"south": {"uv": [61, 6], "uv_size": [1, 1]},
								"west": {"uv": [61, 6], "uv_size": [1, 1]},
								"up": {"uv": [62, 7], "uv_size": [-1, -1]},
								"down": {"uv": [62, 7], "uv_size": [-1, -1]}
							}
						},
						{
							"origin": [-0.05, 5.33869, -1.45426],
							"size": [0.1, 0.45, 0.155],
							"pivot": [0, 5.58869, -1.25426],
							"rotation": [-22.5, 0, 0],
							"uv": {
								"north": {"uv": [61, 4], "uv_size": [1, 1]},
								"east": {"uv": [61, 4], "uv_size": [1, 1]},
								"west": {"uv": [61, 4], "uv_size": [1, 1]}
							}
						},
						{
							"origin": [-0.05, 5.45, -1.3625],
							"size": [0.1, 0.4, 0.4],
							"uv": {
								"east": {"uv": [61, 4], "uv_size": [1, 1]},
								"south": {"uv": [61, 4], "uv_size": [1, 1]},
								"west": {"uv": [61, 4], "uv_size": [1, 1]},
								"up": {"uv": [62, 5], "uv_size": [-1, -1]}
							}
						},
						{
							"origin": [-0.35, 5.15, -2.0725],
							"size": [0.7, 0.3, 1.21],
							"uv": {
								"north": {"uv": [64, 6], "uv_size": [1, 1]},
								"east": {"uv": [61, 6], "uv_size": [4, 1]},
								"west": {"uv": [61, 6], "uv_size": [4, 1]},
								"up": {"uv": [63, 11], "uv_size": [-2, -4]}
							}
						}
					]
				},
				{
					"name": "glow3",
					"parent": "iron_sight",
					"pivot": [0, 6.125, 2.975],
					"cubes": [
						{
							"origin": [-0.4, 5.80784, 2.775],
							"size": [0.8, 0.8, 0],
							"pivot": [0, 6.20784, 2.775],
							"rotation": [0, 0, 45],
							"uv": {
								"south": {"uv": [0, 121], "uv_size": [7, 7]}
							}
						},
						{
							"origin": [-0.4, 5.80784, -1.125],
							"size": [0.8, 0.8, 0],
							"pivot": [0, 6.20784, -1.125],
							"rotation": [0, 0, 45],
							"uv": {
								"south": {"uv": [8, 118], "uv_size": [10, 10]}
							}
						},
						{
							"origin": [-0.2, 6.00784, -1.225],
							"size": [0.4, 0.4, 0],
							"pivot": [0, 6.20784, -1.225],
							"rotation": [0, 0, 45],
							"uv": {
								"south": {"uv": [8, 118], "uv_size": [10, 10]}
							}
						},
						{
							"origin": [-0.07071, 6.20784, -1.17],
							"size": [0.1, 0.1, 0],
							"pivot": [-0.07071, 6.20784, -1.17],
							"rotation": [0, 0, 45],
							"uv": {
								"south": {"uv": [0, 116], "uv_size": [1, 1]}
							}
						}
					]
				},
				{
					"name": "glow",
					"parent": "gun_body",
					"pivot": [0.1, 4.325, 2.975],
					"cubes": [
						{
							"origin": [-0.7, 3.925, 2.575],
							"size": [1.4, 0.8, 0.8],
							"pivot": [0.1, 4.325, 2.975],
							"rotation": [-45, 0, 0],
							"uv": {
								"north": {"uv": [14, 9], "uv_size": [1, 4]},
								"east": {"uv": [11, 9], "uv_size": [4, 4]},
								"south": {"uv": [11, 9], "uv_size": [1, 4]},
								"west": {"uv": [15, 9], "uv_size": [-4, 4]},
								"up": {"uv": [12, 13], "uv_size": [-1, -4]},
								"down": {"uv": [15, 9], "uv_size": [-1, 4]}
							}
						},
						{
							"origin": [-0.7, 3.75, -1.425],
							"size": [1.4, 0.6, 0.6],
							"uv": {
								"north": {"uv": [14, 14], "uv_size": [1, 3]},
								"east": {"uv": [12, 14], "uv_size": [3, 3]},
								"south": {"uv": [12, 14], "uv_size": [1, 3]},
								"west": {"uv": [15, 14], "uv_size": [-3, 3]},
								"up": {"uv": [13, 15], "uv_size": [-1, -1]},
								"down": {"uv": [15, 17], "uv_size": [-1, -1]}
							}
						},
						{
							"origin": [-0.6075, 3.52, -2.065],
							"size": [1.215, 1.605, 6.225],
							"uv": {
								"east": {"uv": [89, 116], "uv_size": [39, 12]},
								"west": {"uv": [128, 116], "uv_size": [-39, 12]}
							}
						}
					]
				},
				{
					"name": "magazine",
					"parent": "gun_body",
					"pivot": [0, 2.17234, 2.19013]
				},
				{
					"name": "default_mag",
					"parent": "magazine",
					"pivot": [-0.005, 0.99321, 2.85759],
					"cubes": [
						{
							"origin": [-0.325, 0.75, 0.325],
							"size": [0.65, 2.475, 1.1125],
							"pivot": [0.05, 1.9875, 0.78125],
							"rotation": [-15, 0, 0],
							"uv": {
								"north": {"uv": [27, 23], "uv_size": [3, 12]},
								"east": {"uv": [22, 23], "uv_size": [5, 12]},
								"south": {"uv": [27, 23], "uv_size": [3, 12]},
								"west": {"uv": [27, 23], "uv_size": [-5, 12]},
								"up": {"uv": [28, 40], "uv_size": [-3, -5]}
							}
						},
						{
							"origin": [-0.425, 0.35, 0.225],
							"size": [0.85, 0.4, 1.3125],
							"pivot": [0.05, 1.9875, 0.78125],
							"rotation": [-15, 0, 0],
							"uv": {
								"north": {"uv": [23, 35], "uv_size": [1, 1]},
								"east": {"uv": [23, 35], "uv_size": [1, 1]},
								"south": {"uv": [23, 35], "uv_size": [1, 1]},
								"west": {"uv": [23, 35], "uv_size": [1, 1]},
								"up": {"uv": [25, 40], "uv_size": [-3, -5]},
								"down": {"uv": [25, 40], "uv_size": [-3, -5]}
							}
						}
					]
				},
				{
					"name": "glow2",
					"parent": "default_mag",
					"pivot": [0.05, 1.9875, 0.78125],
					"cubes": [
						{
							"origin": [-0.325, 0.75, 0.325],
							"size": [0.65, 2.475, 1.1125],
							"inflate": 0.01,
							"pivot": [0.05, 1.9875, 0.78125],
							"rotation": [-15, 0, 0],
							"uv": {
								"north": {"uv": [123, 98], "uv_size": [5, 18]},
								"east": {"uv": [115, 98], "uv_size": [8, 18]},
								"south": {"uv": [123, 98], "uv_size": [5, 18]},
								"west": {"uv": [123, 98], "uv_size": [-8, 18]}
							}
						}
					]
				},
				{
					"name": "attachment_bone",
					"parent": "gun_body",
					"pivot": [-0.00188, 1.27125, 2.24059]
				},
				{
					"name": "left_arm",
					"parent": "gun_body",
					"pivot": [6, 5.9068, 5.00305],
					"cubes": [
						{
							"origin": [4.5, 0.1068, 3.50305],
							"size": [3, 10, 3],
							"uv": {
								"north": {"uv": [0, 0], "uv_size": [1, 1]},
								"east": {"uv": [0, 0], "uv_size": [1, 1]},
								"south": {"uv": [0, 0], "uv_size": [1, 1]},
								"west": {"uv": [0, 0], "uv_size": [1, 1]},
								"up": {"uv": [1, 1], "uv_size": [-1, -1]},
								"down": {"uv": [1, 1], "uv_size": [-1, -1]}
							}
						}
					]
				},
				{
					"name": "right_arm",
					"parent": "gun_body",
					"pivot": [-6, 3.9068, 5.00305],
					"cubes": [
						{
							"origin": [-7.5, 0.1068, 3.50305],
							"size": [3, 10, 3],
							"uv": {
								"north": {"uv": [0, 0], "uv_size": [1, 1]},
								"east": {"uv": [0, 0], "uv_size": [1, 1]},
								"south": {"uv": [0, 0], "uv_size": [1, 1]},
								"west": {"uv": [0, 0], "uv_size": [1, 1]},
								"up": {"uv": [1, 1], "uv_size": [-1, -1]},
								"down": {"uv": [1, 1], "uv_size": [-1, -1]}
							}
						}
					]
				}
			]
		}
	]
}