{
  "display": {
    "flash": {
      "size": 0.8,
      "yOffset": 4.645,
      "zOffset": -10.635
    }
  },
  "general": {
    "alwaysSpread": true,
    "drawTimer": 30,
    "fireMode": "jeg:automatic",
    "gripType": "jeg:two_handed",
    "projectileAmount": 8,
    "rate": 4,
    "recoilAngle": 5.0,
    "recoilKick": 2.0,
    "spread": 16.0
  },
  "modules": {
    "attachments": {
      "magazine": {
        "scale": 0.0
      }
    },
    "zoom": {
      "fovModifier": 0.6,
      "yOffset": 5.4,
      "zOffset": -1.75
    }
  },
  "projectile": {
    "advantage": "jeg:very_heavy",
    "collateral": true,
    "damage": 17.0,
    "damageReduceOverLife": true,
    "ejectsCasing": true,
    "headshotMultiplier": 1.5,
    "hideTrail": true,
    "item": "minecraft:fire_charge",
    "life": 7,
    "size": 0.05,
    "speed": 2.0,
    "trailColor": -256,
    "trailLengthMultiplier": 2.0
  },
  "reloads": {
    "additionalReloadTimer": 30,
    "maxAmmo": 8,
    "reloadTimer": 90,
    "reloadType": "jeg:mag_fed"
  },
  "sounds": {
    "ejectorPull": "minecraft:item.firecharge.use",
    "ejectorRelease": "jeg:item.pump_shotgun.pump_release",
    "enchantedFire": "jeg:item.repeating_shotgun.enchanted_fire",
    "fire": "jeg:item.repeating_shotgun.fire",
    "reloadEnd": "jeg:item.pump_shotgun.pump",
    "reloadLoad": "jeg:item.assault_rifle.reload_magazine_in",
    "reloadStart": "jeg:item.assault_rifle.reload_magazine_out",
    "silencedFire": "jeg:item.pump_shotgun.silenced_fire"
  }
}