{
  "general": {
    "drawTimer": 10,
    "fireMode": "jeg:semi_automatic",
    "gripType": "jeg:one_handed",
    "rate": 40,
    "recoilAngle": 1.0,
    "recoilKick": 0.33
  },
  "potionEffect": {
    "potionEffect": "minecraft:poison",
    "potionEffectDuration": 100,
    "potionEffectStrength": 0
  },
  "projectile": {
    "advantage": "jeg:none",
    "damage": 4.0,
    "gravity": true,
    "headshotMultiplier": 1.5,
    "item": "minecraft:arrow",
    "life": 60,
    "size": 0.05,
    "speed": 24.0,
    "trailColor": -1,
    "trailLengthMultiplier": 2.0
  },
  "reloads": {
    "additionalReloadTimer": 0,
    "maxAmmo": 1,
    "reloadTimer": 20,
    "reloadType": "jeg:inventory_fed"
  },
  "sounds": {
    "ejectorPull": "jeg:item.combat_rifle.ejector_pull",
    "ejectorRelease": "jeg:item.combat_rifle.ejector_release",
    "fire": "minecraft:entity.player.attack.sweep",
    "reloadEnd": "jeg:item.combat_rifle.reload_ejector",
    "reloadLoad": "jeg:item.service_rifle.reload_magazine_in",
    "reloadStart": "jeg:item.combat_rifle.reload_magazine_out"
  }
}