{
  "display": {
    "flash": {
      "size": 0.8,
      "yOffset": 4.45,
      "zOffset": -5.0
    }
  },
  "general": {
    "drawTimer": 20,
    "fireMode": "jeg:automatic",
    "gripType": "jeg:two_handed",
    "rate": 2,
    "recoilAngle": 1.0,
    "recoilKick": 0.33,
    "spread": 4.0
  },
  "modules": {
    "attachments": {
      "scope": {
        "yOffset": 5.1,
        "zOffset": 1.0
      },
      "underBarrel": {
        "yOffset": 2.7,
        "zOffset": -1.5
      }
    },
    "zoom": {
      "fovModifier": 0.6,
      "yOffset": 4.65,
      "zOffset": -1.75
    }
  },
  "projectile": {
    "advantage": "jeg:none",
    "damage": 2.0,
    "damageReduceOverLife": true,
    "headshotMultiplier": 1.5,
    "item": "minecraft:emerald",
    "life": 60,
    "size": 0.05,
    "speed": 6.0,
    "trailColor": -16711936,
    "trailLengthMultiplier": 2.0
  },
  "reloads": {
    "additionalReloadTimer": 10,
    "maxAmmo": 30,
    "reloadItem": "minecraft:emerald_block",
    "reloadTimer": 35,
    "reloadType": "jeg:single_item"
  },
  "sounds": {
    "ejectorPull": "jeg:item.combat_rifle.ejector_pull",
    "ejectorRelease": "jeg:item.combat_rifle.ejector_release",
    "enchantedFire": "jeg:item.blossom_rifle.enchanted_fire",
    "fire": "jeg:item.blossom_rifle.fire",
    "reloadEnd": "jeg:item.combat_rifle.reload_ejector",
    "reloadLoad": "jeg:item.service_rifle.reload_magazine_in",
    "reloadStart": "jeg:item.combat_rifle.reload_magazine_out"
  }
}